id;height;previous_block_hash;current_block_hash;created_at
1;2313;without kick;ha;2025-04-23T02:19:20
2;27914;ha disclosure;concerning soft ew;2025-04-23T09:50:14
3;32740;ah dependable;aha gosh;2025-04-23T01:31:20
4;22437;until than following;dwell ski an;2025-04-23T06:26:39
5;31163;consequently illiterate save;lid mmm lavish;2025-04-23T05:17:46
6;10473;while foolhardy;gosh;2025-04-23T15:13:05
7;31806;iridescence;yet unfortunate;2025-04-23T14:08:15
8;31082;plump scrabble against;underneath;2025-04-23T02:43:58
9;15136;or;barring;2025-04-23T07:30:14
10;8673;tattered;softly;2025-04-23T09:06:35
